cell_set_accession	cell_label	cell_fullname	parent_cell_set_accession	parent_cell_set_name	labelset	cell_ontology_term_id	cell_ontology_term	rationale	rationale_dois	marker_gene_evidence	synonyms	embedding_set	CL:ID_group	spatial_evidence_{type}	spatial_description_manual	morphology_description	ephysiology_description	tf_marker_genes	combo_markers	binary_markers	rationale_for_literature_link	tokens_group	display_order_group	literature_name_long	neurotransmitter	color_hex_group	color_group	accession_subclass	CL:ID_subclass	tokens_subclass	display_order_subclass	color_hex_subclass	color_subclass	accession_class	CL:ID_class	tokens_class	display_order_class	color_hex_class	color_class	accession_neighborhood	CL:ID_neighborhood	tokens_neighborhood	display_order_neighborhood	color_hex_neighborhood	color_neighborhood
CS20250428_CLASS_0000	Astro-Epen		CS20250428_NEIGH_0001	Nonneuron	Class	CL:0000125	glial cell																																						
CS20250428_SUBCL_0000	Astrocyte		CS20250428_CLASS_0000	Astro-Epen	Subclass	CL:0000127	astrocyte																																						
CS20250428_GROUP_0000	B cells		CS20250428_SUBCL_0015	Lymphocyte	Group							Nonneuron										B cells	7			#21eef1		CS20250428_SUBCL_0015		Lymphocyte	5	#aa66d4		CS20250428_CLASS_0008		Immune	2	#aa6dec		CS20250428_NEIGH_0001		Nonneuron	1	#f2ca7d	
CS20250428_NEIGH_0000	Glut Sero Dopa				Neighborhood																																								
CS20250428_NEIGH_0001	Nonneuron				Neighborhood	CL:0000000	cell																																						
CS20250428_GROUP_0001	BAM		CS20250428_SUBCL_0018	Macrophage	Group	CL:4042003	border associated macrophage		https://doi.org/10.1038/s41586-023-06812-z	CD163|MRC1	BAM	Nonneuron										BAM	5	Border-associated macrophages		#195f8d		CS20250428_SUBCL_0018		Macrophage	4	#566c21		CS20250428_CLASS_0008		Immune	2	#aa6dec		CS20250428_NEIGH_0001		Nonneuron	1	#f2ca7d	
CS20250428_SUBCL_0001	CN Cholinergic GABA		CS20250428_CLASS_0005	CN MGE GABA	Subclass																																								
CS20250428_CLASS_0001	CN CGE GABA		CS20250428_NEIGH_0002	Subpallium GABA	Class																																								
CS20250428_NEIGH_0002	Subpallium GABA				Neighborhood																																								
CS20250428_SUBCL_0002	CN LAMP5-CXCL14 GABA		CS20250428_CLASS_0001	CN CGE GABA	Subclass																																								
CS20250428_CLASS_0002	CN GABA-Glut		CS20250428_NEIGH_0003	Subpallium GABA-Glut	Class																																								
CS20250428_SUBCL_0003	CN LAMP5-LHX6 GABA		CS20250428_CLASS_0005	CN MGE GABA	Subclass																																								
CS20250428_GROUP_0003	GPin-BF Cholinergic GABA		CS20250428_SUBCL_0001	CN Cholinergic GABA	Group							Interneuron										GPin|BF|Cholinergic|GABA	35			#fde020		CS20250428_SUBCL_0001		CN|Cholinergic|GABA	22	#b1f081		CS20250428_CLASS_0005		CN|MGE|GABA	7	#ce4c27		CS20250428_NEIGH_0002		Subpallium|GABA	3	#19613b	
CS20250428_CLASS_0003	CN LGE GABA		CS20250428_NEIGH_0002	Subpallium GABA	Class																																								
CS20250428_NEIGH_0003	Subpallium GABA-Glut				Neighborhood																																								
CS20250428_GROUP_0004	LAMP5-CXCL14 GABA		CS20250428_SUBCL_0002	CN LAMP5-CXCL14 GABA	Group					LAMP5|CXCL14	LAMP5	Interneuron										LAMP5|CXCL14|GABA	36			#f6b5d1		CS20250428_SUBCL_0002		CN|LAMP5|CXCL14|GABA	23	#e5b672		CS20250428_CLASS_0001		CN|CGE|GABA	8	#26e8bb		CS20250428_NEIGH_0002		Subpallium|GABA	3	#19613b	
CS20250428_CLASS_0005	CN MGE GABA		CS20250428_NEIGH_0002	Subpallium GABA	Class																																								
CS20250428_GROUP_0005	LAMP5-LHX6 GABA		CS20250428_SUBCL_0003	CN LAMP5-LHX6 GABA	Group					LAMP5|LHX6	LAMP5	Interneuron										LAMP5|LHX6|GABA	25			#00af88		CS20250428_SUBCL_0003		CN|LAMP5|LHX6|GABA	17	#f48d44		CS20250428_CLASS_0005		CN|MGE|GABA	7	#ce4c27		CS20250428_NEIGH_0002		Subpallium|GABA	3	#19613b	
CS20250428_SUBCL_0005	CN LHX8 GABA		CS20250428_CLASS_0006	F M GABA	Subclass																																								
CS20250428_CLASS_0006	F M GABA		CS20250428_NEIGH_0002	Subpallium GABA	Class																																								
CS20250428_SUBCL_0006	CN MEIS2 GABA		CS20250428_CLASS_0003	CN LGE GABA	Subclass																																								
CS20250428_CLASS_0007	F M Glut		CS20250428_NEIGH_0000	Glut Sero Dopa	Class																																								
CS20250428_SUBCL_0007	CN ONECUT1 GABA		CS20250428_CLASS_0006	F M GABA	Subclass																																								
CS20250428_CLASS_0008	Immune		CS20250428_NEIGH_0001	Nonneuron	Class	CL:0000842	mononuclear leukocyte																																						
CS20250428_GROUP_0008	BF SKOR1 Glut		CS20250428_SUBCL_0013	F Glut	Group							Interneuron										BF|SKOR1|Glut	19			#eb0077		CS20250428_SUBCL_0013	PR 2771	F|Glut	14	#39e1e2		CS20250428_CLASS_0007		F|M|Glut	5	#7d0f09		CS20250428_NEIGH_0000	PR 2579	Glut|Sero|Dopa	2	#91f4bb	
CS20250428_SUBCL_0008	CN ST18 GABA		CS20250428_CLASS_0005	CN MGE GABA	Subclass																																								
CS20250428_GROUP_0009	COP		CS20250428_SUBCL_0010	COP	Group	CL:4023059	differentiation-committed oligodendrocyte precursor		https://doi.org/10.1126/science.aaf6463			Nonneuron										COP	13			#922047		CS20250428_SUBCL_0010		COP	9	#e3cba4		CS20250428_CLASS_0010		OPC|Oligo	3	#8605d4		CS20250428_NEIGH_0001		Nonneuron	1	#f2ca7d	
CS20250428_CLASS_0009	M Dopa		CS20250428_NEIGH_0000	Glut Sero Dopa	Class	CL:2000097	midbrain dopaminergic neuron																																						
CS20250428_SUBCL_0009	CN VIP GABA		CS20250428_CLASS_0001	CN CGE GABA	Subclass																																								
CS20250428_CLASS_0010	OPC-Oligo		CS20250428_NEIGH_0001	Nonneuron	Class	CL:0000095	neuron associated cell																																						
CS20250428_SUBCL_0010	COP		CS20250428_CLASS_0010	OPC-Oligo	Subclass	CL:4023059	differentiation-committed oligodendrocyte precursor																																						
CS20250428_CLASS_0011	Vascular		CS20250428_NEIGH_0001	Nonneuron	Class	CL:0000192	smooth muscle cell																																						
CS20250428_SUBCL_0011	Endo		CS20250428_CLASS_0011	Vascular	Subclass	CL:0000115	endothelial cell																																						
CS20250428_GROUP_0011	Endo		CS20250428_SUBCL_0011	Endo	Group	CL:0000115	endothelial cell		https://doi.org/10.1038/s41586-023-06812-z	PECAM1		Nonneuron										Endo	14			#361d61		CS20250428_SUBCL_0011		Endo	10	#f6390c		CS20250428_CLASS_0011		Vascular	4	#cba5ec		CS20250428_NEIGH_0001		Nonneuron	1	#f2ca7d	
CS20250428_SUBCL_0012	Ependymal		CS20250428_CLASS_0000	Astro-Epen	Subclass	CL:0000065	ependymal cell																																						
CS20250428_GROUP_0012	Ependymal		CS20250428_SUBCL_0012	Ependymal	Group	CL:0000065	ependymal cell		https://doi.org/10.1038/s41586-023-06812-z			Nonneuron										Ependymal	3			#c96e0a		CS20250428_SUBCL_0012		Ependymal	2	#7f207a		CS20250428_CLASS_0000		Astro|Epen	1	#6ec0da		CS20250428_NEIGH_0001		Nonneuron	1	#f2ca7d	
CS20250428_CLASS_0012	Cx GABA		CS20250428_NEIGH_0002	Subpallium GABA	Class																																								
CS20250428_SUBCL_0013	F Glut		CS20250428_CLASS_0007	F M Glut	Subclass																																								
CS20250428_GROUP_0013	GPe MEIS2-SOX6 GABA		CS20250428_SUBCL_0006	CN MEIS2 GABA	Group							LGE										GPe|MEIS2|SOX6|GABA	49			#937a2e		CS20250428_SUBCL_0006		CN|MEIS2|GABA	30	#d8f378		CS20250428_CLASS_0003		CN|LGE|GABA	10	#d0b83c		CS20250428_NEIGH_0002		Subpallium|GABA	3	#19613b	
CS20250428_GROUP_0014	GPe SOX6-CTXND1 GABA		CS20250428_SUBCL_0005	CN LHX8 GABA	Group					SOX6|KCNA1		Interneuron										GPe|SOX6|CTXND1|GABA	38			#e9dc4d		CS20250428_SUBCL_0005		CN|LHX8|GABA	25	#caf28b		CS20250428_CLASS_0006		F|M|GABA	9	#cd0f13		CS20250428_NEIGH_0002		Subpallium|GABA	3	#19613b	
CS20250428_SUBCL_0014	CN GABA-Glut		CS20250428_CLASS_0002	CN GABA-Glut	Subclass																																								
CS20250428_SUBCL_0015	Lymphocyte		CS20250428_CLASS_0008	Immune	Subclass	CL:0000542	lymphocyte																																						
CS20250428_GROUP_0015	GPi Core		CS20250428_SUBCL_0007	CN ONECUT1 GABA	Group				https://doi.org/10.1016/j.neuron.2017.03.017		GPi Core	Interneuron										GPi Core	40			#d3489a		CS20250428_SUBCL_0007		CN|ONECUT1|GABA	26	#967be5		CS20250428_CLASS_0006		F|M|GABA	9	#cd0f13		CS20250428_NEIGH_0002		Subpallium|GABA	3	#19613b	
CS20250428_SUBCL_0016	F M GATA3 GABA		CS20250428_CLASS_0006	F M GABA	Subclass																																								
CS20250428_GROUP_0016	GPi Shell		CS20250428_SUBCL_0014	CN GABA-Glut	Group				https://doi.org/10.1016/j.neuron.2017.03.017		GPi Shell	Interneuron										GPi Shell	62			#642265		CS20250428_SUBCL_0014		CN|GABA|Glut	36	#d2599a		CS20250428_CLASS_0002		CN|GABA|Glut	12	#1c8d83		CS20250428_NEIGH_0003		Subpallium|GABA|Glut	4	#7e1d19	
CS20250428_GROUP_0017	ImAstro		CS20250428_SUBCL_0000	Astrocyte	Group							Nonneuron										ImAstro	2			#f1c0a6		CS20250428_SUBCL_0000		Astrocyte	1	#604f15		CS20250428_CLASS_0000		Astro|Epen	1	#6ec0da		CS20250428_NEIGH_0001		Nonneuron	1	#f2ca7d	
CS20250428_SUBCL_0017	F M Glut		CS20250428_CLASS_0007	F M Glut	Subclass																																								
CS20250428_SUBCL_0018	Macrophage		CS20250428_CLASS_0008	Immune	Subclass	CL:0000235	macrophage																																						
CS20250428_GROUP_0018	ImOligo		CS20250428_SUBCL_0022	Oligodendrocyte	Group	CL:4042031	immune oligodendroglia		https://doi.org/10.1038/s41586-019-0903-2			Nonneuron										ImOligo	11			#711c24		CS20250428_SUBCL_0022		Oligodendrocyte	7	#def476		CS20250428_CLASS_0010		OPC|Oligo	3	#8605d4		CS20250428_NEIGH_0001		Nonneuron	1	#f2ca7d	
CS20250428_SUBCL_0019	Microglia		CS20250428_CLASS_0008	Immune	Subclass	CL:0000129	microglial cell																																						
CS20250428_GROUP_0019	Microglia		CS20250428_SUBCL_0019	Microglia	Group	CL:0000129	microglial cell		https://doi.org/10.1038/s41586-023-06812-z			Nonneuron										Microglia	4			#cbfc1e		CS20250428_SUBCL_0019		Microglia	3	#761646		CS20250428_CLASS_0008		Immune	2	#aa6dec		CS20250428_NEIGH_0001		Nonneuron	1	#f2ca7d	
CS20250428_SUBCL_0020	OPC		CS20250428_CLASS_0010	OPC-Oligo	Subclass	CL:0002453	oligodendrocyte precursor cell																																						
CS20250428_GROUP_0020	GPe-NDB-SI LHX6-LHX8-GBX1 GABA		CS20250428_SUBCL_0005	CN LHX8 GABA	Group							Interneuron										GPe|NDB|SI|LHX6|LHX8|GBX1|GABA	39			#653614		CS20250428_SUBCL_0005		CN|LHX8|GABA	25	#caf28b		CS20250428_CLASS_0006		F|M|GABA	9	#cd0f13		CS20250428_NEIGH_0002		Subpallium|GABA	3	#19613b	
CS20250428_SUBCL_0021	OT Granular GABA		CS20250428_CLASS_0003	CN LGE GABA	Subclass	CL:4030053	Island of Calleja granule cell																																						
CS20250428_GROUP_0022	Monocyte		CS20250428_SUBCL_0038	Monocyte	Group				https://doi.org/10.1038/s41586-023-06812-z			Nonneuron										Monocyte	8			#48e6b4		CS20250428_SUBCL_0038		Monocyte	6	#91132c		CS20250428_CLASS_0008		Immune	2	#aa6dec		CS20250428_NEIGH_0001		Nonneuron	1	#f2ca7d	
CS20250428_SUBCL_0022	Oligodendrocyte		CS20250428_CLASS_0010	OPC-Oligo	Subclass	CL:0000128	oligodendrocyte																																						
CS20250428_GROUP_0023	OPC		CS20250428_SUBCL_0020	OPC	Group	CL:0002453	oligodendrocyte precursor cell		https://doi.org/10.1126/science.add7046			Nonneuron										OPC	12			#f5e689		CS20250428_SUBCL_0020		OPC	8	#c68ae4		CS20250428_CLASS_0010		OPC|Oligo	3	#8605d4		CS20250428_NEIGH_0001		Nonneuron	1	#f2ca7d	
CS20250428_SUBCL_0023	Pericyte		CS20250428_CLASS_0011	Vascular	Subclass	CL:0000669	pericyte																																						
CS20250428_SUBCL_0024	SMC		CS20250428_CLASS_0011	Vascular	Subclass	CL:0000192	smooth muscle cell																																						
CS20250428_GROUP_0024	OT D1 ICj		CS20250428_SUBCL_0021	OT Granular GABA	Group	CL:4030053	Island of Calleja granule cell		https://doi.org/10.1016/j.cub.2021.10.015	CPNE4|DRD3	D1-ICj (Islands of Calleja)	LGE										OT|D1 ICj	59	D1 Islands of Calleja		#ff7f0e		CS20250428_SUBCL_0021		OT|Granular|GABA	34	#9160cb		CS20250428_CLASS_0003		CN|LGE|GABA	10	#d0b83c		CS20250428_NEIGH_0002		Subpallium|GABA	3	#19613b	
CS20250428_GROUP_0025	Oligo OPALIN		CS20250428_SUBCL_0022	Oligodendrocyte	Group	CL:0000128	oligodendrocyte		https://doi.org/10.1126/science.add7046			Nonneuron										Oligo|OPALIN	9			#488edc		CS20250428_SUBCL_0022		Oligodendrocyte	7	#def476		CS20250428_CLASS_0010		OPC|Oligo	3	#8605d4		CS20250428_NEIGH_0001		Nonneuron	1	#f2ca7d	
CS20250428_SUBCL_0025	M Dopa		CS20250428_CLASS_0009	M Dopa	Subclass	CL:4042025	substantia nigra dopaminergic neuron																																						
CS20250428_GROUP_0026	Oligo PLEKHG1		CS20250428_SUBCL_0022	Oligodendrocyte	Group	CL:0000128	oligodendrocyte		https://doi.org/10.1126/science.add7046			Nonneuron										Oligo|PLEKHG1	10			#401e66		CS20250428_SUBCL_0022		Oligodendrocyte	7	#def476		CS20250428_CLASS_0010		OPC|Oligo	3	#8605d4		CS20250428_NEIGH_0001		Nonneuron	1	#f2ca7d	
CS20250428_SUBCL_0026	SN PAX7 GABA		CS20250428_CLASS_0006	F M GABA	Subclass																																								
CS20250428_GROUP_0027	Pericyte		CS20250428_SUBCL_0023	Pericyte	Group	CL:0000669	pericyte		https://doi.org/10.1038/s41586-023-06812-z	PDGFRB		Nonneuron										Pericyte	15			#5713c3		CS20250428_SUBCL_0023		Pericyte	11	#51cd80		CS20250428_CLASS_0011		Vascular	4	#cba5ec		CS20250428_NEIGH_0001		Nonneuron	1	#f2ca7d	
CS20250428_GROUP_0028	SMC		CS20250428_SUBCL_0024	SMC	Group	CL:0000192	smooth muscle cell		https://doi.org/10.1038/s41586-023-06812-z	ACTA2		Nonneuron										SMC	16			#177242		CS20250428_SUBCL_0024		SMC	12	#ab0c8d		CS20250428_CLASS_0011		Vascular	4	#cba5ec		CS20250428_NEIGH_0001		Nonneuron	1	#f2ca7d	
CS20250428_SUBCL_0028	STR D1 MSN		CS20250428_CLASS_0003	CN LGE GABA	Subclass	CL:4023026	direct pathway medium spiny neuron																																						
CS20250428_GROUP_0029	SN-VTR CALB1 Dopa		CS20250428_SUBCL_0025	M Dopa	Group	CL:4042025	substantia nigra dopaminergic neuron		https://doi.org/10.1038/s41467-020-17876-0	TH|CALB1|SLC6A3|NR4A2|BNC2		Dopaminergic										SN|VTR|CALB1|Dopa	22			#854098		CS20250428_SUBCL_0025		M|Dopa	16	#77f0ca		CS20250428_CLASS_0009		M|Dopa	6	#0433b4		CS20250428_NEIGH_0000	PR 2579	Glut|Sero|Dopa	2	#91f4bb	
CS20250428_SUBCL_0029	STR D2 MSN		CS20250428_CLASS_0003	CN LGE GABA	Subclass	CL:4023029	indirect pathway medium spiny neuron																																						
CS20250428_GROUP_0030	SN EBF2 GABA		CS20250428_SUBCL_0026	SN PAX7 GABA	Group							Interneuron										SN|EBF2|GABA	44			#c8df45		CS20250428_SUBCL_0026		SN|PAX7|GABA	28	#720a7d		CS20250428_CLASS_0006		F|M|GABA	9	#cd0f13		CS20250428_NEIGH_0002		Subpallium|GABA	3	#19613b	
CS20250428_SUBCL_0030	STR Hybrid MSN		CS20250428_CLASS_0003	CN LGE GABA	Subclass	CL:4030050	D1/D2-hybrid medium spiny neuron																																						
CS20250428_GROUP_0031	SN-VTR GAD2 Dopa		CS20250428_SUBCL_0025	M Dopa	Group				https://doi.org/10.1101/2024.06.06.597807	TH|GAD2		Dopaminergic										SN|VTR|GAD2|Dopa	24			#854098		CS20250428_SUBCL_0025		M|Dopa	16	#77f0ca		CS20250428_CLASS_0009		M|Dopa	6	#0433b4		CS20250428_NEIGH_0000		Glut|Sero|Dopa	2	#91f4bb	
CS20250428_SUBCL_0031	STR RSPO2 GABA		CS20250428_CLASS_0005	CN MGE GABA	Subclass																																								
CS20250428_SUBCL_0032	STR SST GABA		CS20250428_CLASS_0005	CN MGE GABA	Subclass																																								
CS20250428_GROUP_0032	SN GATA3-PAX8 GABA		CS20250428_SUBCL_0016	F M GATA3 GABA	Group				https://doi.org/10.3389/fnins.2022.976209	Pax5|Ctip2|Pou6f2	pSNpr	Interneuron										SN|GATA3|PAX8|GABA	42			#ff7266		CS20250428_SUBCL_0016		F|M|GATA3|GABA	27	#311a96		CS20250428_CLASS_0006		F|M|GABA	9	#cd0f13		CS20250428_NEIGH_0002		Subpallium|GABA	3	#19613b	
CS20250428_SUBCL_0033	STR SST-CHODL GABA		CS20250428_CLASS_0005	CN MGE GABA	Subclass																																								
CS20250428_GROUP_0033	SN GATA3-PVALB GABA		CS20250428_SUBCL_0016	F M GATA3 GABA	Group				https://doi.org/10.3389/fnins.2022.976209	Six3 and Foxp1	aSNpr	Interneuron	PR 2577									SN|GATA3|PVALB|GABA	41			#017d7c		CS20250428_SUBCL_0016		F|M|GATA3|GABA	27	#311a96		CS20250428_CLASS_0006		F|M|GABA	9	#cd0f13		CS20250428_NEIGH_0002		Subpallium|GABA	3	#19613b	
CS20250428_GROUP_0034	SN SEMA5A GABA		CS20250428_SUBCL_0026	SN PAX7 GABA	Group							Interneuron										SN|SEMA5A|GABA	45			#3604fb		CS20250428_SUBCL_0026		SN|PAX7|GABA	28	#720a7d		CS20250428_CLASS_0006		F|M|GABA	9	#cd0f13		CS20250428_NEIGH_0002		Subpallium|GABA	3	#19613b	
CS20250428_SUBCL_0035	VLMC		CS20250428_CLASS_0011	Vascular	Subclass	CL:4023051	vascular leptomeningeal cell																																						
CS20250428_GROUP_0035	SN SOX6 Dopa		CS20250428_SUBCL_0025	M Dopa	Group	CL:4042025	substantia nigra dopaminergic neuron		https://doi.org/10.1038/s41593-022-01061-1	TH|SOX6		Dopaminergic										SN|SOX6|Dopa	23			#854098		CS20250428_SUBCL_0025		M|Dopa	16	#77f0ca		CS20250428_CLASS_0009		M|Dopa	6	#0433b4		CS20250428_NEIGH_0000		Glut|Sero|Dopa	2	#91f4bb	
CS20250428_SUBCL_0036	ACx MEIS2 GABA		CS20250428_CLASS_0012	Cx GABA	Subclass																																								
CS20250428_GROUP_0037	SN-VTR-HTH GATA3-TCF7L2 GABA		CS20250428_SUBCL_0016	F M GATA3 GABA	Group							Interneuron										SN|VTR|HTH|GATA3|TCF7L2|GABA	43			#1dbfcf		CS20250428_SUBCL_0016		F|M|GATA3|GABA	27	#311a96		CS20250428_CLASS_0006		F|M|GABA	9	#cd0f13		CS20250428_NEIGH_0002		Subpallium|GABA	3	#19613b	
CS20250428_SUBCL_0037	F GABA		CS20250428_CLASS_0006	F M GABA	Subclass																																								
CS20250428_SUBCL_0038	Monocyte		CS20250428_CLASS_0008	Immune	Subclass	CL:0000542	lymphocyte																																						
CS20250428_GROUP_0038	STH PVALB-PITX2 Glut		CS20250428_SUBCL_0013	F Glut	Group				https://doi.org/10.1038/s41586-023-06812-z			Interneuron										STH|PVALB|PITX2|Glut	18			#f57e20		CS20250428_SUBCL_0013	PR 2771	F|Glut	14	#39e1e2		CS20250428_CLASS_0007		F|M|Glut	5	#7d0f09		CS20250428_NEIGH_0000	PR 2579	Glut|Sero|Dopa	2	#91f4bb	
CS20250428_GROUP_0039	Astrocyte		CS20250428_SUBCL_0000	Astrocyte	Group	CL:0000127	astrocyte		https://doi.org/10.1038/s41586-023-06812-z			Nonneuron										Astrocyte	1			#e16c95		CS20250428_SUBCL_0000		Astrocyte	1	#604f15		CS20250428_CLASS_0000		Astro|Epen	1	#6ec0da		CS20250428_NEIGH_0001		Nonneuron	1	#f2ca7d	
CS20250428_GROUP_0040	STR FS PTHLH-PVALB GABA		CS20250428_SUBCL_0008	CN ST18 GABA	Group	CL:4042023	striatal pthlh-expressing interneuron		https://doi.org/10.1016/j.celrep.2018.07.053	ST18|PTHLH|COL19A1	Pvalb Pthlh|FS	Interneuron										STR|FS|PTHLH|PVALB|GABA	28			#800000		CS20250428_SUBCL_0008		CN|ST18|GABA	18	#5fd989		CS20250428_CLASS_0005		CN|MGE|GABA	7	#ce4c27		CS20250428_NEIGH_0002		Subpallium|GABA	3	#19613b	
CS20250428_GROUP_0041	STR LYPD6-RSPO2 GABA		CS20250428_SUBCL_0031	STR RSPO2 GABA	Group							Interneuron										STR|LYPD6|RSPO2|GABA	32			#a9f266		CS20250428_SUBCL_0031		STR|RSPO2|GABA	21	#5b0e63		CS20250428_CLASS_0005		CN|MGE|GABA	7	#ce4c27		CS20250428_NEIGH_0002		Subpallium|GABA	3	#19613b	
CS20250428_GROUP_0042	STR SST-ADARB2 GABA		CS20250428_SUBCL_0032	STR SST GABA	Group							Interneuron										STR|SST|ADARB2|GABA	30			#cfebed		CS20250428_SUBCL_0032		STR|SST|GABA	20	#ed8d40		CS20250428_CLASS_0005		CN|MGE|GABA	7	#ce4c27		CS20250428_NEIGH_0002		Subpallium|GABA	3	#19613b	
CS20250428_GROUP_0043	STR SST-CHODL GABA		CS20250428_SUBCL_0033	STR SST-CHODL GABA	Group				https://doi.org/10.1038/s41586-020-2874-8	NPY	Sst Chodl|LTS	Interneuron	Need to create a PR									STR|SST|CHODL|GABA	29			#708297		CS20250428_SUBCL_0033		STR|SST|CHODL|GABA	19	#eea495		CS20250428_CLASS_0005		CN|MGE|GABA	7	#ce4c27		CS20250428_NEIGH_0002		Subpallium|GABA	3	#19613b	
CS20250428_GROUP_0044	STR SST-RSPO2 GABA		CS20250428_SUBCL_0031	STR RSPO2 GABA	Group							Interneuron										STR|SST|RSPO2|GABA	31			#7f7f7f		CS20250428_SUBCL_0031		STR|RSPO2|GABA	21	#5b0e63		CS20250428_CLASS_0005		CN|MGE|GABA	7	#ce4c27		CS20250428_NEIGH_0002		Subpallium|GABA	3	#19613b	
CS20250428_GROUP_0045	STR TAC3-PLPP4 GABA		CS20250428_SUBCL_0008	CN ST18 GABA	Group	CL:4042001	TAC3-positive striatal interneuron		https://doi.org/10.1038/s41586-020-2874-8	ST18	LHX6 TAC3	Interneuron										STR|TAC3|PLPP4|GABA	27			#ffff00		CS20250428_SUBCL_0008		CN|ST18|GABA	18	#5fd989		CS20250428_CLASS_0005		CN|MGE|GABA	7	#ce4c27		CS20250428_NEIGH_0002		Subpallium|GABA	3	#19613b	
CS20250428_GROUP_0046	STR-BF TAC3-PLPP4-LHX8 GABA		CS20250428_SUBCL_0008	CN ST18 GABA	Group							Interneuron										STR|BF|TAC3|PLPP4|LHX8|GABA	26			#9d3b4f		CS20250428_SUBCL_0008		CN|ST18|GABA	18	#5fd989		CS20250428_CLASS_0005		CN|MGE|GABA	7	#ce4c27		CS20250428_NEIGH_0002		Subpallium|GABA	3	#19613b	
CS20250428_GROUP_0047	VIP GABA		CS20250428_SUBCL_0009	CN VIP GABA	Group				https://doi.org/10.1038/s41586-020-2874-8	VIP	VIP	Interneuron	Need to Create a PR									VIP|GABA	37			#fc2b80		CS20250428_SUBCL_0009		CN|VIP|GABA	24	#1bc06a		CS20250428_CLASS_0001		CN|CGE|GABA	8	#26e8bb		CS20250428_NEIGH_0002		Subpallium|GABA	3	#19613b	
CS20250428_GROUP_0048	STRd Cholinergic GABA		CS20250428_SUBCL_0001	CN Cholinergic GABA	Group							Interneuron										STRd|Cholinergic|GABA	33			#6fc7b2		CS20250428_SUBCL_0001		CN|Cholinergic|GABA	22	#b1f081		CS20250428_CLASS_0005		CN|MGE|GABA	7	#ce4c27		CS20250428_NEIGH_0002		Subpallium|GABA	3	#19613b	
CS20250428_GROUP_0049	STRd D1 Matrix MSN		CS20250428_SUBCL_0028	STR D1 MSN	Group	CL:4030043	matrix D1 medium spiny neuron		https://doi.org/10.1016/j.cub.2021.10.015	STXBP6	D1-Matrix	LGE										STRd|D1 Matrix MSN	50			#1f77b4		CS20250428_SUBCL_0028		STR|D1 MSN	31	#1655f2		CS20250428_CLASS_0003		CN|LGE|GABA	10	#d0b83c		CS20250428_NEIGH_0002		Subpallium|GABA	3	#19613b	
CS20250428_GROUP_0050	STRd D1 Striosome MSN		CS20250428_SUBCL_0028	STR D1 MSN	Group	CL:4030048	striosomal D1 medium spiny neuron		https://doi.org/10.1016/j.cub.2021.10.015	KCNIP1	D1-Striosome	LGE										STRd|D1 Striosome MSN	52			#d62728		CS20250428_SUBCL_0028		STR|D1 MSN	31	#1655f2		CS20250428_CLASS_0003		CN|LGE|GABA	10	#d0b83c		CS20250428_NEIGH_0002		Subpallium|GABA	3	#19613b	
CS20250428_GROUP_0051	STR D1D2 Hybrid MSN		CS20250428_SUBCL_0030	STR Hybrid MSN	Group	CL:4030050	D1/D2-hybrid medium spiny neuron		https://doi.org/10.1016/j.cub.2021.10.015	CRHR2|GRIK1	D1/D2 Hybrid	LGE										STR|D1D2 Hybrid MSN	58			#9467bd		CS20250428_SUBCL_0030		STR|Hybrid MSN	33	#79bdf4		CS20250428_CLASS_0003		CN|LGE|GABA	10	#d0b83c		CS20250428_NEIGH_0002		Subpallium|GABA	3	#19613b	
CS20250428_GROUP_0052	STRd D2 Matrix MSN		CS20250428_SUBCL_0029	STR D2 MSN	Group	CL:4030047	matrix D2 medium spiny neuron		https://doi.org/10.1016/j.cub.2021.10.015	STXBP6	D2-Matrix	LGE										STRd|D2 Matrix MSN	53			#aec7e8		CS20250428_SUBCL_0029		STR|D2 MSN	32	#253c8c		CS20250428_CLASS_0003		CN|LGE|GABA	10	#d0b83c		CS20250428_NEIGH_0002		Subpallium|GABA	3	#19613b	
CS20250428_GROUP_0053	STRd D2 StrioMat Hybrid MSN		CS20250428_SUBCL_0029	STR D2 MSN	Group				None			LGE										STRd|D2 StrioMat Hybrid MSN	56			#9268ac		CS20250428_SUBCL_0029		STR|D2 MSN	32	#253c8c		CS20250428_CLASS_0003		CN|LGE|GABA	10	#d0b83c		CS20250428_NEIGH_0002		Subpallium|GABA	3	#19613b	
CS20250428_GROUP_0054	STRd D2 Striosome MSN		CS20250428_SUBCL_0029	STR D2 MSN	Group	CL:4030049	striosomal D2 medium spiny neuron		https://doi.org/10.1016/j.cub.2021.10.015	KCNIP1	D2-Striosome	LGE										STRd|D2 Striosome MSN	55			#ff9896		CS20250428_SUBCL_0029		STR|D2 MSN	32	#253c8c		CS20250428_CLASS_0003		CN|LGE|GABA	10	#d0b83c		CS20250428_NEIGH_0002		Subpallium|GABA	3	#19613b	
CS20250428_GROUP_0055	STR Cholinergic GABA		CS20250428_SUBCL_0001	CN Cholinergic GABA	Group							Interneuron										STR|Cholinergic|GABA	34			#8f5ff5		CS20250428_SUBCL_0001		CN|Cholinergic|GABA	22	#b1f081		CS20250428_CLASS_0005		CN|MGE|GABA	7	#ce4c27		CS20250428_NEIGH_0002		Subpallium|GABA	3	#19613b	
CS20250428_GROUP_0056	STRv D1 MSN		CS20250428_SUBCL_0028	STR D1 MSN	Group	CL:4030051	nucleus accumbens shell and olfactory tubercle D1 medium spiny neuron		https://doi.org/10.1016/j.cub.2021.10.015	ARHGAP6	D1-Shell/OT	LGE										STRv|D1 MSN	51			#339933		CS20250428_SUBCL_0028		STR|D1 MSN	31	#1655f2		CS20250428_CLASS_0003		CN|LGE|GABA	10	#d0b83c		CS20250428_NEIGH_0002		Subpallium|GABA	3	#19613b	
CS20250428_GROUP_0057	STRv D1 NUDAP MSN		CS20250428_SUBCL_0030	STR Hybrid MSN	Group	CL:4030054	RXFP1-positive interface island D1-medium spiny neuron		https://doi.org/10.1016/j.cub.2021.10.015	GRIA4	D1-NUDAP	LGE										STRv|D1 NUDAP MSN	57			#e377c2		CS20250428_SUBCL_0030		STR|Hybrid MSN	33	#79bdf4		CS20250428_CLASS_0003		CN|LGE|GABA	10	#d0b83c		CS20250428_NEIGH_0002		Subpallium|GABA	3	#19613b	
CS20250428_GROUP_0058	STRv D2 MSN		CS20250428_SUBCL_0029	STR D2 MSN	Group	CL:4030052	nucleus accumbens shell and olfactory tubercle D2 medium spiny neuron		https://doi.org/10.1016/j.cub.2021.10.015	ARHGAP6	D2-Shell/OT	LGE										STRv|D2 MSN	54			#98df8a		CS20250428_SUBCL_0029		STR|D2 MSN	32	#253c8c		CS20250428_CLASS_0003		CN|LGE|GABA	10	#d0b83c		CS20250428_NEIGH_0002		Subpallium|GABA	3	#19613b	
CS20250428_GROUP_0059	T cells		CS20250428_SUBCL_0015	Lymphocyte	Group	CL:0000084	T cell		https://doi.org/10.1038/s41586-023-06812-z	CD247|ITK		Nonneuron										T cells	6			#f3b79b		CS20250428_SUBCL_0015		Lymphocyte	5	#aa66d4		CS20250428_CLASS_0008		Immune	2	#aa6dec		CS20250428_NEIGH_0001		Nonneuron	1	#f2ca7d	
CS20250428_GROUP_0062	VLMC		CS20250428_SUBCL_0035	VLMC	Group	CL:4023051	vascular leptomeningeal cell		https://doi.org/10.1038/s41586-023-06812-z	PDGFRA|DCN		Nonneuron										VLMC	17			#c3ec86		CS20250428_SUBCL_0035		VLMC	13	#226a65		CS20250428_CLASS_0011		Vascular	4	#cba5ec		CS20250428_NEIGH_0001		Nonneuron	1	#f2ca7d	
CS20250428_GROUP_0063	ZI-HTH GABA		CS20250428_SUBCL_0037	F GABA	Group							Interneuron										ZI|HTH|GABA	46			#c49c94		CS20250428_SUBCL_0037		F|GABA	29	#7ba2df		CS20250428_CLASS_0006		F|M|GABA	9	#cd0f13		CS20250428_NEIGH_0002		Subpallium|GABA	3	#19613b	
CS20250428_GROUP_0064	VTR-HTH Glut		CS20250428_SUBCL_0017	F M Glut	Group					SLC17A6		Interneuron										VTR|HTH|Glut	21			#54621f		CS20250428_SUBCL_0017	PR 2771	F|M|Glut	15	#66750b		CS20250428_CLASS_0007		F|M|Glut	5	#7d0f09		CS20250428_NEIGH_0000	PR 2579	Glut|Sero|Dopa	2	#91f4bb	
CS20250428_GROUP_0065	AMY-SLEA-BNST D1 GABA		CS20250428_SUBCL_0037	F GABA	Group							Interneuron										AMY|SLEA|BNST|D1|GABA	47			#9e86de		CS20250428_SUBCL_0037		F|GABA	29	#7ba2df		CS20250428_CLASS_0006		F|M|GABA	9	#cd0f13		CS20250428_NEIGH_0002		Subpallium|GABA	3	#19613b	
CS20250428_GROUP_0066	AMY-SLEA-BNST GABA		CS20250428_SUBCL_0037	F GABA	Group							Interneuron										AMY|SLEA|BNST|GABA	48			#b69e14		CS20250428_SUBCL_0037		F|GABA	29	#7ba2df		CS20250428_CLASS_0006		F|M|GABA	9	#cd0f13		CS20250428_NEIGH_0002		Subpallium|GABA	3	#19613b	
CS20250428_GROUP_0067	OB Dopa-GABA		CS20250428_SUBCL_0036	ACx MEIS2 GABA	Group							Interneuron										OB|Dopa|GABA	61			#902f6b		CS20250428_SUBCL_0036		ACx|MEIS2|GABA	35	#3636ed		CS20250428_CLASS_0012		Cx|GABA	11	#ebb3a7		CS20250428_NEIGH_0002		Subpallium|GABA	3	#19613b	
CS20250428_GROUP_0068	OB FRMD7 GABA		CS20250428_SUBCL_0036	ACx MEIS2 GABA	Group							Interneuron										OB|FRMD7|GABA	60			#cd0753		CS20250428_SUBCL_0036		ACx|MEIS2|GABA	35	#3636ed		CS20250428_CLASS_0012		Cx|GABA	11	#ebb3a7		CS20250428_NEIGH_0002		Subpallium|GABA	3	#19613b	
